endpoint_name,state_hint,lat,lon,source,confidence,checked_on
Stevens Creek Sub,SC,33.562599,-82.051362,starter,confirmed,2026-09-26
Thurmond Sub,SC,33.660127,-82.195931,starter,confirmed,2026-09-26
Jasper Sub,SC,32.35912,-81.1246,starter,confirmed,2026-09-26
Okatie Sub,SC,32.333758,-81.032495,starter,confirmed,2026-09-26
Queensboro Sub,SC,32.722793,-79.967332,starter,confirmed,2026-09-26
Bluffton Sub,SC,32.235027,-80.853384,starter,confirmed,2026-09-26
EVANS PRIMARY,GA,33.543994,-82.168648,starter,confirmed,2026-09-26
THURMOND DAM #5,GA,33.660127,-82.195931,starter,confirmed,2026-09-26
MCINTOSH,GA,32.352116,-81.182105,starter,confirmed,2026-09-26
GOSHEN,GA,32.248701,-81.209472,starter,confirmed,2026-09-26
Mitchell Substation,GA,31.447121,-84.133843,starter,confirmed,2026-09-26
North Tifton Substation,GA,31.478089,-83.54913,starter,confirmed,2026-09-26
JESUP,GA,31.603106,-81.924947,starter,confirmed,2026-09-26
LUDOWICI PRIMARY,GA,31.721597,-81.743703,starter,confirmed,2026-09-26
AVERY,GA,34.216988900000004,-84.3857643,overpass,confirmed,2026-09-26
Batesburg,SC,33.91348665,-81.56443525,overpass,confirmed,2026-09-26
BAY CREEK,GA,33.8681196,-83.88235055000001,overpass,confirmed,2026-09-26
BLAKELY PRIMARY,GA,31.371554000000003,-84.90598025,overpass,confirmed,2026-09-26
BLANKETS CREEK,GA,34.18575675,-84.50801229999999,overpass,confirmed,2026-09-26
BREMEN,GA,33.70919245,-85.14271595,overpass,confirmed,2026-09-26
BUTLER,GA,32.5710217,-84.2897288,overpass,likely,2026-09-26
Cainhoy,SC,32.941402,-79.84227565,overpass,confirmed,2026-09-26
Cameron,SC,33.563666350000005,-80.70899589999999,overpass,confirmed,2026-09-26
Church Creek,SC,32.8303196,-80.0702792,overpass,likely,2026-09-26
DAWSON CROSSING,GA,34.3781185,-84.13357535,overpass,confirmed,2026-09-26
DOYLE,GA,33.8379245,-83.69878605,overpass,confirmed,2026-09-26
EAST POINT,GA,33.675453000000005,-84.46219725,overpass,confirmed,2026-09-26
Elloree,SC,33.5323844,-80.5797245,overpass,confirmed,2026-09-26
Faber Place,SC,32.8500798,-80.01462405000001,overpass,confirmed,2026-09-26
FITZGERALD,GA,31.72933455,-83.29241139999999,overpass,confirmed,2026-09-26
Hamlin,SC,32.859937,-79.78844085,overpass,confirmed,2026-09-26
Harleyville,SC,33.20990695,-80.45116580000001,overpass,confirmed,2026-09-26
HATCH,GA,31.9346568,-82.34769735,overpass,likely,2026-09-26
HOPEWELL,GA,34.1741923,-84.2834055,overpass,confirmed,2026-09-26
LAKE OCONEE,GA,33.4595297,-83.24745105,overpass,confirmed,2026-09-26
LAWRENCEVILLE,GA,33.985981,-84.0007988,overpass,confirmed,2026-09-26
MCEVER ROAD,GA,34.2728832,-83.87380125,overpass,confirmed,2026-09-26
MCGRAU FORD,GA,34.3264526,-84.33700645,overpass,confirmed,2026-09-26
MORROW,GA,33.60593095,-84.33346165,overpass,confirmed,2026-09-26
PINE GROVE PRIMARY,GA,30.88164845,-83.22798689999999,overpass,confirmed,2026-09-26
SOUTH BAINBRIDGE,GA,32.6087711,-83.61431780000001,overpass,confirmed,2026-09-26
SOUTH MACON,GA,32.6087711,-83.61431780000001,overpass,confirmed,2026-09-26
Sumter,SC,33.8976611,-80.32397610000001,overpass,confirmed,2026-09-26
THOMASTON,GA,32.8999225,-84.3125168,overpass,confirmed,2026-09-26
TOCCOA,GA,34.58094625,-83.35273405000001,overpass,confirmed,2026-09-26
Toolebeck,SC,33.5346321,-81.66932715,overpass,confirmed,2026-09-26
WADLEY,GA,32.80856115,-82.39746554999999,overpass,confirmed,2026-09-26
Wagener,SC,33.6501119,-81.36056595,overpass,confirmed,2026-09-26
Wateree,SC,34.33465775,-80.7023194,overpass,likely,2026-09-26
WEST BRUNSWICK,GA,31.2799089,-81.5586568,overpass,confirmed,2026-09-26
WEST POINT DAM,GA,32.9186235,-85.19038985,overpass,confirmed,2026-09-26
Williams,SC,33.0176985,-79.93216785,overpass,confirmed,2026-09-26
WINDER PRIMARY,GA,33.9954594,-83.7531307,overpass,likely,2026-09-26
WOODSTOCK,GA,34.08661455,-84.51310825,overpass,confirmed,2026-09-26
YATES COMMON,GA,33.46164115,-84.90419779999999,overpass,likely,2026-09-26
ADAMSVILLE,GA,33.7592737,-84.505209,nominatim,likely,2026-09-26
Aiken PSA,SC,33.4695,-81.9128731,nominatim,likely,2026-09-26
ANNISTON,GA,33.7516721,-84.3375713,nominatim,likely,2026-09-26
ATKINSON,GA,31.3030105,-82.8839362,nominatim,likely,2026-09-26
Bayfront,SC,32.742122,-79.9634237,nominatim,likely,2026-09-26
BROADWAY,GA,32.7727145,-83.6588016,nominatim,likely,2026-09-26
Coit,SC,33.9802269,-81.0406335,nominatim,likely,2026-09-26
CONYERS,GA,33.6676103,-84.0176904,nominatim,likely,2026-09-26
CORNELIA,GA,34.5114883,-83.5271166,nominatim,likely,2026-09-26
DYER ROAD,GA,34.9171919,-85.2672835,nominatim,likely,2026-09-26
EAST ROANOKE,GA,31.7059341,-83.2476923,nominatim,likely,2026-09-26
ECHECONNEE,GA,32.6851436,-83.700462,nominatim,likely,2026-09-26
ECHECONNEE-WELLSTON,GA,32.6762843,-83.7063883,nominatim,likely,2026-09-26
FACTORY SHOALS,GA,33.4467303,-83.8283004,nominatim,likely,2026-09-26
FENWICK STREET,GA,33.4686625,-81.9665066,nominatim,likely,2026-09-26
FIRST AVENUE,GA,31.9902512,-80.8509207,nominatim,likely,2026-09-26
GAINESVILLE #1,GA,34.370946,-83.234255,nominatim,likely,2026-09-26
GAINESVILLE #2,GA,34.2978794,-83.8240663,nominatim,likely,2026-09-26
Gills Creek,SC,33.9162837,-80.9901211,nominatim,likely,2026-09-26
GLENWOOD SPRINGS,GA,33.3127901,-83.3956318,nominatim,likely,2026-09-26
Goose Creek Reservoir,SC,32.95333,-80.0251633,nominatim,likely,2026-09-26
GRADY-WEST END,GA,33.7371505,-84.426583,nominatim,likely,2026-09-26
GRID,GA,33.7540941,-84.3804241,nominatim,likely,2026-09-26
Hooks,SC,34.170585,-79.0914166,nominatim,likely,2026-09-26
HUCKLEBERRY,GA,31.0046595,-82.5576372,nominatim,likely,2026-09-26
JEFFERSON STREET#3,GA,33.3940883,-84.7688479,nominatim,likely,2026-09-26
Killian,SC,32.566698,-81.2651824,nominatim,likely,2026-09-26
LOWER RIVER,GA,33.6142204,-85.2869786,nominatim,likely,2026-09-26
MICROSOFT,GA,33.6392624,-84.517024,nominatim,likely,2026-09-26
MIDDLE FORK,GA,34.4225382,-83.3586118,nominatim,likely,2026-09-26
MOUNTAIN VIEW,GA,33.6417761,-84.3902038,nominatim,likely,2026-09-26
NORTH COLUMBUS,GA,32.5675126,-84.9648625,nominatim,likely,2026-09-26
NORTH DRUID HILLS,GA,33.820589,-84.3193797,nominatim,likely,2026-09-26
Okatie,SC,32.2956335,-80.9448103,nominatim,likely,2026-09-26
PITTMAN ROAD,GA,33.6412254,-84.5847216,nominatim,likely,2026-09-26
POSSUM BRANCH,GA,30.8514046,-83.5615298,nominatim,likely,2026-09-26
Saluda County,SC,34.0008125,-81.7468082,nominatim,likely,2026-09-26
SAND BAR FERRY,GA,33.4485609,-81.9225725,nominatim,likely,2026-09-26
SANDERSVILLE #1,GA,33.244385,-82.919749,nominatim,likely,2026-09-26
Santee City,SC,33.5918021,-79.0204265,nominatim,likely,2026-09-26
Scout,SC,32.3596409,-80.6976071,nominatim,likely,2026-09-26
SHOAL CREEK,GA,33.8765883,-83.6684748,nominatim,likely,2026-09-26
St George,SC,33.1859958,-80.5756534,nominatim,likely,2026-09-26
St Helena,SC,32.3868607,-80.5606622,nominatim,likely,2026-09-26
STONEWALL TELL ROAD,GA,33.6055359,-84.5527443,nominatim,likely,2026-09-26
SUMMER LAKE,GA,30.7624953,-84.6520737,nominatim,likely,2026-09-26
TAZEWELL,GA,32.379482,-84.440221,nominatim,likely,2026-09-26
THORNTON RD,GA,33.7475523,-84.5899009,nominatim,likely,2026-09-26
TOMOCHICHI,GA,32.0781406,-81.0929067,nominatim,likely,2026-09-26
TRIBUTARY,GA,33.7129313,-84.6426467,nominatim,likely,2026-09-26
Ward,SC,33.857915,-81.729829,nominatim,likely,2026-09-26
ARKWRIGHT,GA,32.9329147,-83.7029575,nominatim,likely,2026-09-26
ATHENA,GA,33.959713,-83.3730675,nominatim,likely,2026-09-26
AULTMAN ROAD-PERRY,GA,32.5556398,-83.7371615,nominatim,likely,2026-09-26
BOWEN #10,GA,33.715905,-84.3937672,nominatim,likely,2026-09-26
Burton,SC,32.4239465,-80.7458787,nominatim,likely,2026-09-26
CAMDEN INDUSTRIAL PARK,GA,30.8387263,-81.6800799,nominatim,likely,2026-09-26
Canadys,SC,33.0565161,-80.6196529,nominatim,likely,2026-09-26
Denny Terrace,SC,34.0576091,-81.06156105,overpass,likely,2026-09-26
Eastover,SC,33.8771147,-80.6922594,nominatim,likely,2026-09-26
EAST WATKINSVILLE,GA,33.8712,-83.3995868,nominatim,likely,2026-09-26
GORDON-N DUBLIN,GA,34.4900206,-84.8499036,nominatim,likely,2026-09-26
GORDON-SANDERSVILLE #1,GA,32.9915177,-82.7939388,nominatim,likely,2026-09-26
Hopkins,SC,33.9043212,-80.8770342,nominatim,likely,2026-09-26
Jack Primus,SC,32.9193841,-79.9044954,overpass,likely,2026-09-26
JEFFERSON ROAD,GA,33.985298,-83.4194043,nominatim,likely,2026-09-26
KLONDIKE,GA,33.6456653,-84.1265833,nominatim,likely,2026-09-26
LLOYD SHOALS,GA,33.3299972,-83.8340046,nominatim,likely,2026-09-26
MCMANUS,GA,31.21306495,-81.54526759999999,overpass,likely,2026-09-26
NORCROSS,GA,33.9412127,-84.2135309,nominatim,likely,2026-09-26
NORTHSIDE DRIVE,GA,33.7838957,-84.4074141,nominatim,likely,2026-09-26
OFFERMAN,GA,31.40966,-82.111785,nominatim,likely,2026-09-26
PITTS,GA,31.9446209,-83.5407214,nominatim,likely,2026-09-26
SINAI,GA,33.9530213,-83.5240155,nominatim,likely,2026-09-26
Stevens Creek,SC,33.7410515,-82.1646667,nominatim,likely,2026-09-26
THALMANN,GA,31.2907813,-81.6887199,nominatim,likely,2026-09-26
UNION CITY,GA,33.5870558,-84.5424299,nominatim,likely,2026-09-26
Union Pier,SC,32.784336,-79.9255881,nominatim,likely,2026-09-26
Urquhart,SC,33.8475316,-81.1253914,nominatim,likely,2026-09-26
WEBB,GA,34.0973201,-84.2593662,nominatim,likely,2026-09-26
WEST VALDOSTA,GA,30.8157571,-83.3148748,nominatim,likely,2026-09-26
WINDER,GA,33.9919085,-83.7184368,nominatim,likely,2026-09-26
YATES,GA,33.463447,-84.8949385,nominatim,likely,2026-09-26
Yemassee,SC,32.6901781,-80.8506626,nominatim,likely,2026-09-26
Dawson,SC,33.49865,-80.8447234,nominatim,likely,2026-09-26
Ritter,SC,32.7896202,-80.6303822,nominatim,likely,2026-09-26
Summerville,SC,32.987370299999995,-80.22083169999999,overpass,likely,2026-09-26
