project_id_a,project_id_b,distance_m,distance_m_legacy_straightline,distance_center_mi,time_gap_days
DESC_6,GPC_6,22723.112,23040.742,16.479,943
DESC_6,GPC_8,21598.074,21598.281,19.041,943
DESC_6,GPC_13,38211.532,38214.366,23.795,943
DESC_6,GPC_15,29803.964,29806.385,150.757,760
DESC_6,GPC_20,23040.794,23040.742,80.193,578
DESC_6,GPC_23,7390.117,7091.308,4.4,578
DESC_6,GPC_28,14782.814,14779.859,101.522,578
DESC_6,GPC_30,23192.806,23190.434,42.233,578
DESC_6,GPC_33,36560.139,36556.922,22.813,578
DESC_6,GPC_34,17290.839,17268.256,10.771,578
DESC_6,GPC_37,0.825,0.0,11.588,639
DESC_6,GPC_38,0.825,0.0,11.588,578
DESC_6,GPC_40,15327.315,15331.692,9.549,456
DESC_6,GPC_43,22680.748,21937.384,13.585,365
DESC_6,GPC_44,13101.184,14801.273,9.806,365
DESC_6,GPC_46,933.859,934.737,6.436,244
DESC_6,GPC_47,37449.99,37452.75,97.817,244
DESC_6,GPC_49,10015.159,9655.518,5.973,213
DESC_6,GPC_58,22531.019,22528.54,30.808,154
DESC_6,GPC_61,10148.817,10146.149,22.125,0
DESC_6,GPC_63,38211.532,38214.366,23.795,153
DESC_6,GPC_64,38211.532,38214.366,23.795,153
DESC_6,GPC_66,15076.534,15073.785,140.731,153
DESC_6,GPC_67,11327.658,11330.124,28.836,153
DESC_6,GPC_68,37152.473,37155.245,23.182,153
DESC_6,GPC_69,38211.532,38214.366,23.795,153
DESC_6,GPC_71,0.825,0.0,11.588,153
DESC_6,GPC_78,36590.579,36556.922,26.098,518
DESC_6,GPC_84,34636.258,34634.738,26.352,518
DESC_6,GPC_87,27259.621,27257.874,110.761,883
DESC_6,GPC_92,10621.418,14323.928,10.061,883
DESC_6,GPC_93,7068.007,0.0,4.442,883
DESC_6,GPC_104,4268.897,4266.798,36.968,883
DESC_6,GPC_107,21200.874,21667.814,13.698,883
DESC_6,GPC_111,7068.007,0.0,4.442,1217
DESC_7,GPC_2,20944.718,22313.621,18.692,517
DESC_7,GPC_3,21064.604,22959.546,21.755,882
DESC_7,GPC_57,28530.819,27940.533,30.952,926
DESC_7,GPC_72,32100.485,31809.117,117.865,1431
DESC_9,GPC_14,21549.514,21547.259,370.937,365
DESC_9,GPC_31,26320.827,26320.827,505.322,730
DESC_9,GPC_87,26320.827,26320.827,483.047,2191
DESC_12,GPC_31,7008.295,7008.295,132.904,213
DESC_12,GPC_87,7513.119,7513.119,93.665,1248
DESC_13,GPC_14,15160.966,15165.05,64.08,1309
DESC_13,GPC_31,0.0,0.0,137.545,944
DESC_13,GPC_2,25364.897,25366.087,76.711,944
DESC_13,GPC_3,25681.733,25156.555,80.423,579
DESC_13,GPC_87,0.0,0.0,95.006,517
DESC_5,GPC_2,13481.627,13510.608,14.341,365
DESC_5,GPC_3,13560.86,14158.225,14.81,730
DESC_5,GPC_57,24646.24,26946.317,16.733,774
DESC_5,GPC_72,28401.156,26759.379,114.78,1279
DESC_14,GPC_15,38879.555,38879.555,164.522,30
DESC_14,GPC_66,38879.555,38879.555,175.571,883
DESC_14,GPC_89,38879.555,38879.555,80.749,1613
DESC_16,GPC_4,6178.666,6293.704,488.568,213
DESC_16,GPC_14,12075.646,12077.765,214.477,244
DESC_16,GPC_15,0.0,0.0,473.779,427
DESC_16,GPC_25,25740.005,24905.578,313.223,609
DESC_16,GPC_31,0.0,0.0,356.661,609
DESC_16,GPC_47,0.0,0.0,472.607,943
DESC_16,GPC_61,0.0,0.0,426.733,1187
DESC_16,GPC_65,4572.777,4572.777,452.017,1340
DESC_16,GPC_66,0.0,0.0,457.112,1340
DESC_16,GPC_72,0.0,0.0,409.945,1523
DESC_16,GPC_74,0.0,0.0,498.011,1705
DESC_16,GPC_87,0.0,0.0,330.523,2070
DESC_16,GPC_101,21016.092,21016.781,321.834,2070
DESC_16,GPC_114,0.0,0.0,383.815,2435
DESC_1,GPC_25,13860.637,13090.581,9.46,517
DESC_1,GPC_31,32962.891,32938.299,76.591,517
DESC_1,GPC_87,21013.509,20986.272,33.744,1978
DESC_1,GPC_101,27596.586,27626.706,17.098,1978
DESC_1,GPC_1,11027.851,11013.812,8.014,3074
DESC_1,GPC_117,11030.448,11013.812,52.121,3074
DESC_1,GPC_120,35555.665,35538.885,22.165,3074
DESC_1,GPC_124,11066.788,11013.812,14.484,3652
DESC_17,GPC_25,12974.019,12089.102,83.777,152
DESC_17,GPC_31,0.0,0.0,156.468,152
DESC_17,GPC_87,0.0,0.0,116.56,1613
DESC_17,GPC_101,27549.864,27548.791,90.168,1613
DESC_17,GPC_1,10798.673,10801.041,94.282,2709
DESC_17,GPC_117,10801.041,10801.041,137.423,2709
DESC_17,GPC_120,35321.365,35315.952,109.623,2709
DESC_17,GPC_124,10837.396,10801.041,102.005,3287
DESC_18,GPC_31,7716.809,7008.295,138.03,523
DESC_18,GPC_87,8402.405,7513.119,97.558,1984
DESC_21,GPC_27,37623.238,37639.217,23.522,517
DESC_21,GPC_31,36305.781,36305.263,121.853,517
DESC_21,GPC_61,29129.453,29128.188,101.314,1095
DESC_21,GPC_100,37623.238,37639.217,23.522,1978
DESC_22,GPC_12,32927.757,32886.416,45.825,365
DESC_22,GPC_2,24062.157,24060.38,41.037,0
DESC_22,GPC_3,22641.789,23522.989,37.583,365
DESC_22,GPC_57,7190.454,7193.357,22.104,409
DESC_22,GPC_72,0.0,0.0,110.308,914
DESC_22,GPC_83,17738.43,17937.036,43.405,1096
DESC_22,GPC_88,0.0,0.0,89.41,1461
DESC_22,GPC_90,13945.966,13943.326,103.373,1461
DESC_23,GPC_12,30042.842,30001.832,32.098,365
DESC_23,GPC_2,17019.025,17017.253,53.774,0
DESC_23,GPC_3,16003.09,16872.52,50.124,365
DESC_23,GPC_57,1031.755,1032.119,35.86,409
DESC_23,GPC_72,0.0,0.0,108.715,914
DESC_23,GPC_83,14981.393,15211.29,28.977,1096
DESC_23,GPC_88,0.0,0.0,75.605,1461
DESC_23,GPC_90,13945.966,13943.326,89.22,1461
DESC_24,GPC_31,7716.809,7008.295,138.03,152
DESC_24,GPC_87,8402.405,7513.119,97.558,1613
DESC_3,GPC_2,5215.348,4793.237,5.65,152
DESC_3,GPC_3,5477.074,5440.259,7.548,517
DESC_3,GPC_57,28968.895,29048.733,18.557,561
DESC_3,GPC_72,34313.534,34470.914,106.923,1066
DESC_25,GPC_31,15196.169,15198.455,113.256,152
DESC_25,GPC_87,10172.825,10175.098,71.367,1613
DESC_26,GPC_72,17606.449,17606.449,128.268,1644
DESC_26,GPC_83,33000.179,33136.721,49.519,1826
DESC_26,GPC_88,0.0,0.0,97.034,2191
DESC_26,GPC_90,13945.966,13943.326,102.027,2191
DESC_27,GPC_20,38195.468,38195.468,108.735,1309
DESC_27,GPC_31,3478.443,3478.443,114.128,1309
DESC_27,GPC_77,38195.468,38195.468,89.017,213
DESC_27,GPC_87,7513.119,7513.119,73.879,152
DESC_29,GPC_27,37623.238,37639.217,23.522,517
DESC_29,GPC_31,36305.781,36305.263,121.853,517
DESC_29,GPC_61,29129.453,29128.188,101.314,1095
DESC_29,GPC_100,37623.238,37639.217,23.522,1978
DESC_31,GPC_31,17740.677,18772.257,130.893,517
DESC_31,GPC_87,19292.986,20301.396,91.884,1978
DESC_2,GPC_25,30809.029,30080.513,20.084,517
DESC_2,GPC_31,23762.379,23750.723,66.497,517
DESC_2,GPC_87,10264.305,10251.616,23.743,1978
DESC_2,GPC_1,944.464,0.0,4.088,3074
DESC_2,GPC_117,13199.266,13213.441,50.345,3074
DESC_2,GPC_120,30610.857,30610.117,19.011,3074
DESC_2,GPC_124,13195.835,13213.441,12.44,3652
DESC_32,GPC_20,24010.216,23592.284,88.728,152
DESC_32,GPC_31,11568.907,11566.042,94.194,152
DESC_32,GPC_77,24010.216,23592.284,70.158,1248
DESC_32,GPC_87,18899.729,18892.112,56.039,1613
DESC_34,GPC_31,36254.91,36257.469,56.012,243
DESC_34,GPC_82,26476.742,26477.882,29.464,1339
DESC_34,GPC_96,25815.899,26477.882,17.459,1704
DESC_34,GPC_112,29238.304,26592.639,17.051,2069
DESC_34,GPC_118,26476.742,26477.882,29.464,2800
DESC_34,GPC_119,3436.246,3438.799,16.298,2800
DESC_34,GPC_123,2.572,0.0,25.644,3165
DESC_35,GPC_25,2981.833,2061.593,9.088,72
DESC_35,GPC_31,31711.408,31642.971,92.606,72
DESC_35,GPC_87,23663.03,23592.709,49.755,1389
DESC_35,GPC_101,14808.327,14910.849,16.406,1389
DESC_35,GPC_1,26911.232,26868.796,24.032,2485
DESC_35,GPC_117,26881.978,26868.796,62.638,2485
DESC_35,GPC_124,26912.579,26868.796,28.881,3063
DESC_36,GPC_9,28029.694,28026.493,91.537,699
DESC_36,GPC_16,23132.233,23143.032,17.757,486
DESC_36,GPC_20,0.0,0.0,35.996,334
DESC_36,GPC_21,10186.507,8865.765,110.865,334
DESC_36,GPC_25,14843.528,14072.801,44.375,334
DESC_36,GPC_27,7379.88,7397.645,139.66,334
DESC_36,GPC_31,0.0,0.0,40.75,334
DESC_36,GPC_52,24057.577,24057.577,62.104,31
DESC_36,GPC_54,8552.578,8746.952,73.259,31
DESC_36,GPC_55,8552.578,8756.304,73.257,31
DESC_36,GPC_59,5569.52,0.0,43.607,244
DESC_36,GPC_61,0.0,0.0,98.135,244
DESC_36,GPC_77,0.0,0.0,13.941,762
DESC_36,GPC_82,0.0,0.0,69.029,762
DESC_36,GPC_84,28026.493,28026.493,94.116,762
DESC_36,GPC_86,25929.661,25878.462,75.566,975
DESC_36,GPC_87,0.0,0.0,2.176,1127
DESC_36,GPC_91,0.0,0.0,48.609,1127
DESC_36,GPC_96,17474.597,17538.775,78.928,1127
DESC_36,GPC_99,0.0,0.0,98.061,1127
DESC_36,GPC_100,7379.88,7397.645,139.66,1127
DESC_36,GPC_101,30698.339,30697.301,47.121,1127
DESC_36,GPC_102,11.124,5852.396,61.49,1127
DESC_36,GPC_106,0.0,0.0,43.233,1127
DESC_36,GPC_112,2257.576,2258.816,102.254,1492
DESC_36,GPC_113,26460.629,26465.847,133.758,1492
DESC_36,GPC_116,25929.661,25878.462,75.566,2223
DESC_36,GPC_1,1088.044,468.55,27.829,2223
DESC_36,GPC_117,11988.041,11988.041,43.887,2223
DESC_36,GPC_118,0.0,0.0,69.029,2223
DESC_36,GPC_119,10747.17,10747.17,81.935,2223
DESC_36,GPC_120,28751.677,28748.166,23.892,2223
DESC_36,GPC_121,8763.703,8756.304,66.45,2223
DESC_36,GPC_123,21735.062,21735.062,74.155,2588
DESC_36,GPC_124,12002.787,11988.041,26.117,2801
DESC_40,GPC_31,27421.3,26320.827,161.514,1
DESC_40,GPC_87,27421.3,26320.827,121.81,1462
DESC_41,GPC_20,7775.789,7775.789,301.111,213
DESC_41,GPC_31,0.0,0.0,297.366,213
DESC_41,GPC_77,7775.789,7775.789,323.009,883
DESC_41,GPC_87,0.0,0.0,337.954,1248
DESC_41,GPC_99,0.0,0.0,255.217,1248
DESC_42,GPC_31,33877.79,33877.79,202.801,578
DESC_42,GPC_87,33877.79,33877.79,161.347,883
DESC_43,GPC_25,2585.081,1032.826,1.966,578
DESC_43,GPC_87,31585.391,31212.13,44.266,883
DESC_43,GPC_101,15484.78,14910.849,10.3,883
DESC_43,GPC_1,24337.037,25024.804,18.751,1979
DESC_43,GPC_117,24312.822,25024.804,55.306,1979
DESC_43,GPC_124,24345.543,25024.804,22.091,2557
DESC_44,GPC_20,4382.152,4382.152,304.636,944
DESC_44,GPC_31,0.0,0.0,300.874,944
DESC_44,GPC_77,4382.152,4382.152,326.548,152
DESC_44,GPC_87,0.0,0.0,341.515,517
DESC_44,GPC_99,0.0,0.0,258.929,517
DESC_44,GPC_106,37393.436,37393.436,311.791,517
