project_id,name,utility,type,endpoint_a,endpoint_b,voltage_kv,in_service_date,status,cost_usd,county,sponsor,source_file,source_page,notes
DESC_18,"Edenwood Sub: #1 & #2 230-115kV Autobanks, Replace with 336MVA",Dominion Energy South Carolina,substation,Edenwood Sub,,115,2024-12-25,In Progress,10833462,,DESC,2024-2028-2million-and-above-project-descriptions.pdf,16,raw_date=12/25/24; pdf_project_id=6805 G; UNMAPPED: no endpoint locatable by the Finding-guide method (excluded from map/pairs)
DESC_19,"Williams St Sub: Replace Sw House & Relays, AM Williams Sub: Replace Sw House, and McMeekin Sub: Add Sw House",Dominion Energy South Carolina,substation,Williams St Sub,,,2028-12-31,In Progress,9898924,,DESC,2024-2028-2million-and-above-project-descriptions.pdf,17,"raw_date=12/31/28; pdf_project_id=1060A, I, L; UNMAPPED: no endpoint locatable by the Finding-guide method (excluded from map/pairs)"
DESC_24,Riverport Tap: Construct Tap,Dominion Energy South Carolina,line,Riverport Tap,,,2025-12-31,In Progress,34877427,,DESC,2024-2028-2million-and-above-project-descriptions.pdf,22,"raw_date=12/31/25; pdf_project_id=06367 A - C, H; UNMAPPED: no endpoint locatable by the Finding-guide method (excluded from map/pairs)"
GPC_11,SMART VALVE INSTALLATION,Georgia Power,substation,SMART VALVE INSTALLATION,,,2025-06-01,,,,GPC,2025 IRP Volume 3 PUBLIC DISCLOSURE.pdf,178,raw_date=6/1/2025; cost REDACTED in source; UNMAPPED: no endpoint locatable by the Finding-guide method (excluded from map/pairs)
GPC_13,VILLA RICA LOW SIDE BREAKER,Georgia Power,substation,VILLA RICA LOW SIDE BREAKER,,,2025-06-01,,,,GPC,2025 IRP Volume 3 PUBLIC DISCLOSURE.pdf,178,raw_date=6/1/2025; cost REDACTED in source; UNMAPPED: no endpoint locatable by the Finding-guide method (excluded from map/pairs)
GPC_16,ANTHONY SHOALS STATCOM SYSTEM,Georgia Power,substation,ANTHONY SHOALS STATCOM SYSTEM,,,2025-12-31,,,,GPC,2025 IRP Volume 3 PUBLIC DISCLOSURE.pdf,178,raw_date=12/31/2025; cost REDACTED in source; UNMAPPED: no endpoint locatable by the Finding-guide method (excluded from map/pairs)
GPC_17,CC - CASS PINE- HILL VIEW 230 KV LINE- CC IMPROVEMENTS,Georgia Power,line,CASS PINE- HILL VIEW,,230,2025-12-31,,,,GPC,2025 IRP Volume 3 PUBLIC DISCLOSURE.pdf,178,raw_date=12/31/2025; cost REDACTED in source; UNMAPPED: no endpoint locatable by the Finding-guide method (excluded from map/pairs)
GPC_18,CC - PROJECT CHRONOS- SK/HYUNDAI,Georgia Power,line,PROJECT CHRONOS- SK/HYUNDAI,,,2025-12-31,,,,GPC,2025 IRP Volume 3 PUBLIC DISCLOSURE.pdf,178,raw_date=12/31/2025; cost REDACTED in source; UNMAPPED: no endpoint locatable by the Finding-guide method (excluded from map/pairs)
GPC_19,CC - QTS FAYETTEVILLE TRANSMISSION NEEDS,Georgia Power,line,QTS FAYETTEVILLE TRANSMISSION NEEDS,,,2026-04-01,,,,GPC,2025 IRP Volume 3 PUBLIC DISCLOSURE.pdf,178,raw_date=4/1/2026; cost REDACTED in source; UNMAPPED: no endpoint locatable by the Finding-guide method (excluded from map/pairs)
GPC_22,CC - GARRETT ROAD SWITCHING STATION - TRAE LANE,Georgia Power,substation,GARRETT ROAD SWITCHING STATION,,,2026-06-01,,,,GPC,2025 IRP Volume 3 PUBLIC DISCLOSURE.pdf,179,raw_date=6/1/2026; cost REDACTED in source; UNMAPPED: no endpoint locatable by the Finding-guide method (excluded from map/pairs)
GPC_24,EAST POINT RELAY MODERNIZATION,Georgia Power,substation,EAST POINT RELAY MODERNIZATION,,,2026-06-01,,,,GPC,2025 IRP Volume 3 PUBLIC DISCLOSURE.pdf,179,raw_date=6/1/2026; cost REDACTED in source; UNMAPPED: no endpoint locatable by the Finding-guide method (excluded from map/pairs)
GPC_26,"GOAT ROCK 230KV SWITCH, JUMPER, & LINE TRAP REPLACEMENT",Georgia Power,substation,GOAT ROCK,,230,2026-06-01,,,,GPC,2025 IRP Volume 3 PUBLIC DISCLOSURE.pdf,179,raw_date=6/1/2026; cost REDACTED in source; UNMAPPED: no endpoint locatable by the Finding-guide method (excluded from map/pairs)
GPC_29,GRADY 230/115KV RELAY MODERNIZATION,Georgia Power,substation,GRADY,,115,2026-06-01,,,,GPC,2025 IRP Volume 3 PUBLIC DISCLOSURE.pdf,179,raw_date=6/1/2026; cost REDACTED in source; UNMAPPED: no endpoint locatable by the Finding-guide method (excluded from map/pairs)
GPC_31,HAMMOND - WEISS DAM 115KV LINE REBUILD,Georgia Power,line,HAMMOND,WEISS DAM,115,2026-06-01,,,,GPC,2025 IRP Volume 3 PUBLIC DISCLOSURE.pdf,180,raw_date=6/1/2026; cost REDACTED in source; UNMAPPED: no endpoint locatable by the Finding-guide method (excluded from map/pairs)
GPC_32,KATHLEEN AREA IMPROVEMENTS,Georgia Power,line,KATHLEEN AREA IMPROVEMENTS,,,2026-06-01,,,,GPC,2025 IRP Volume 3 PUBLIC DISCLOSURE.pdf,180,raw_date=6/1/2026; cost REDACTED in source; UNMAPPED: no endpoint locatable by the Finding-guide method (excluded from map/pairs)
GPC_33,KLONDIKE RELAY MODERNIZATION,Georgia Power,substation,KLONDIKE RELAY MODERNIZATION,,,2026-06-01,,,,GPC,2025 IRP Volume 3 PUBLIC DISCLOSURE.pdf,180,raw_date=6/1/2026; cost REDACTED in source; UNMAPPED: no endpoint locatable by the Finding-guide method (excluded from map/pairs)
GPC_35,PALMYRA REACTOR REMOVAL,Georgia Power,substation,PALMYRA REACTOR REMOVAL,,,2026-06-01,,,,GPC,2025 IRP Volume 3 PUBLIC DISCLOSURE.pdf,180,raw_date=6/1/2026; cost REDACTED in source; UNMAPPED: no endpoint locatable by the Finding-guide method (excluded from map/pairs)
GPC_36,SCOTTDALE RELAY MODERNIZATION,Georgia Power,substation,SCOTTDALE RELAY MODERNIZATION,,,2026-06-01,,,,GPC,2025 IRP Volume 3 PUBLIC DISCLOSURE.pdf,180,raw_date=6/1/2026; cost REDACTED in source; UNMAPPED: no endpoint locatable by the Finding-guide method (excluded from map/pairs)
GPC_39,CC - PROJECT PAYTON BAINBRIDGE,Georgia Power,line,PROJECT PAYTON BAINBRIDGE,,,2026-06-30,,,,GPC,2025 IRP Volume 3 PUBLIC DISCLOSURE.pdf,181,raw_date=6/30/2026; cost REDACTED in source; UNMAPPED: no endpoint locatable by the Finding-guide method (excluded from map/pairs)
GPC_40,OHARA BREAKER REPLACEMENT,Georgia Power,substation,OHARA BREAKER REPLACEMENT,,,2026-10-01,,,,GPC,2025 IRP Volume 3 PUBLIC DISCLOSURE.pdf,181,raw_date=10/1/2026; cost REDACTED in source; UNMAPPED: no endpoint locatable by the Finding-guide method (excluded from map/pairs)
GPC_41,DRESDEN LINE PROTECTIVE RELAYING,Georgia Power,substation,DRESDEN LINE PROTECTIVE RELAYING,,,2026-12-01,,,,GPC,2025 IRP Volume 3 PUBLIC DISCLOSURE.pdf,181,raw_date=12/1/2026; cost REDACTED in source; UNMAPPED: no endpoint locatable by the Finding-guide method (excluded from map/pairs)
GPC_42,CC - CASS PINE 230/25 NEW SUB - QCELLS - CC IMPROVEMENTS,Georgia Power,substation,CASS PINE 230/25 NEW SUB,,,2026-12-31,,,,GPC,2025 IRP Volume 3 PUBLIC DISCLOSURE.pdf,181,raw_date=12/31/2026; cost REDACTED in source; UNMAPPED: no endpoint locatable by the Finding-guide method (excluded from map/pairs)
GPC_45,CC - EMBLEM RIVERSIDE CUSTOMER SUB (FLEXENTIAL),Georgia Power,substation,EMBLEM RIVERSIDE CUSTOMER SUB,,,2027-03-01,,,,GPC,2025 IRP Volume 3 PUBLIC DISCLOSURE.pdf,181,raw_date=3/1/2027; cost REDACTED in source; UNMAPPED: no endpoint locatable by the Finding-guide method (excluded from map/pairs)
GPC_48,CC - GULLATT ROAD TRANSMISSION IMPROVEMENTS,Georgia Power,line,GULLATT ROAD TRANSMISSION IMPROVEMENTS,,,2027-06-01,,,,GPC,2025 IRP Volume 3 PUBLIC DISCLOSURE.pdf,182,raw_date=6/1/2027; cost REDACTED in source; UNMAPPED: no endpoint locatable by the Finding-guide method (excluded from map/pairs)
GPC_51,CC - TA REALTY ELLENWOOD NETWORK IMPROVEMENTS,Georgia Power,line,TA REALTY ELLENWOOD NETWORK IMPROVEMENTS,,,2027-06-01,,,,GPC,2025 IRP Volume 3 PUBLIC DISCLOSURE.pdf,182,raw_date=6/1/2027; cost REDACTED in source; UNMAPPED: no endpoint locatable by the Finding-guide method (excluded from map/pairs)
GPC_60,CC - HILL VIEW & GRASSY HOLLOW SUB - CC IMPROVEMENTS,Georgia Power,substation,HILL VIEW,,,2027-12-31,,,,GPC,2025 IRP Volume 3 PUBLIC DISCLOSURE.pdf,183,raw_date=12/31/2027; cost REDACTED in source; UNMAPPED: no endpoint locatable by the Finding-guide method (excluded from map/pairs)
GPC_63,CC - EAST VILLA RICA AREA SWITCHING STATION (CC IMPROVEMENT),Georgia Power,substation,EAST VILLA RICA AREA SWITCHING STATION,,,2028-06-01,,,,GPC,2025 IRP Volume 3 PUBLIC DISCLOSURE.pdf,183,raw_date=6/1/2028; cost REDACTED in source; UNMAPPED: no endpoint locatable by the Finding-guide method (excluded from map/pairs)
GPC_64,CC - VILLA RICA UPGRADES (CC NETWORK IMPROVEMENTS),Georgia Power,line,VILLA RICA UPGRADES,,,2028-06-01,,,,GPC,2025 IRP Volume 3 PUBLIC DISCLOSURE.pdf,183,raw_date=6/1/2028; cost REDACTED in source; UNMAPPED: no endpoint locatable by the Finding-guide method (excluded from map/pairs)
GPC_66,JACK MCDONOUGH - NORTHWEST (BLACK) 230KV RECONDUCTOR,Georgia Power,line,JACK MCDONOUGH,NORTHWEST,230,2028-06-01,,,,GPC,2025 IRP Volume 3 PUBLIC DISCLOSURE.pdf,184,raw_date=6/1/2028; cost REDACTED in source; UNMAPPED: no endpoint locatable by the Finding-guide method (excluded from map/pairs)
GPC_68,PLANT YATES BREAKER AND HALF STATION,Georgia Power,plant,PLANT YATES BREAKER,,,2028-06-01,,,,GPC,2025 IRP Volume 3 PUBLIC DISCLOSURE.pdf,184,raw_date=6/1/2028; cost REDACTED in source; UNMAPPED: no endpoint locatable by the Finding-guide method (excluded from map/pairs)
GPC_69,SMART VALVES AT EAST VILLA RICA SWITCHING STATION,Georgia Power,substation,SMART VALVES AT EAST VILLA RICA SWITCHING STATION,,,2028-06-01,,,,GPC,2025 IRP Volume 3 PUBLIC DISCLOSURE.pdf,184,raw_date=6/1/2028; cost REDACTED in source; UNMAPPED: no endpoint locatable by the Finding-guide method (excluded from map/pairs)
GPC_73,ASHLEY PARK-WANSLEY 500KV,Georgia Power,line,ASHLEY PARK-WANSLEY,,500,2029-06-01,,,,GPC,2025 IRP Volume 3 PUBLIC DISCLOSURE.pdf,185,raw_date=6/1/2029; cost REDACTED in source; UNMAPPED: no endpoint locatable by the Finding-guide method (excluded from map/pairs)
GPC_90,CC - NORTH GEORGIA DATA NETWORK UPGRADES,Georgia Power,line,NORTH GEORGIA DATA NETWORK UPGRADES,,,2030-06-01,,,,GPC,2025 IRP Volume 3 PUBLIC DISCLOSURE.pdf,186,raw_date=6/1/2030; cost REDACTED in source; UNMAPPED: no endpoint locatable by the Finding-guide method (excluded from map/pairs)
GPC_98,GOAT ROCK REACTORS INSTALLATION,Georgia Power,substation,GOAT ROCK REACTORS INSTALLATION,,,2030-06-01,,,,GPC,2025 IRP Volume 3 PUBLIC DISCLOSURE.pdf,187,raw_date=6/1/2030; cost REDACTED in source; UNMAPPED: no endpoint locatable by the Finding-guide method (excluded from map/pairs)
GPC_99,GOLDENS CREEK - WARRENTON PRIMARY 230KV REBUILD,Georgia Power,line,GOLDENS CREEK,WARRENTON PRIMARY,230,2030-06-01,,,,GPC,2025 IRP Volume 3 PUBLIC DISCLOSURE.pdf,187,raw_date=6/1/2030; cost REDACTED in source; UNMAPPED: no endpoint locatable by the Finding-guide method (excluded from map/pairs)
GPC_101,GOSHEN AREA STRATEGIC SOLUTION,Georgia Power,line,GOSHEN AREA STRATEGIC SOLUTION,,,2030-06-01,,,,GPC,2025 IRP Volume 3 PUBLIC DISCLOSURE.pdf,187,raw_date=6/1/2030; cost REDACTED in source; UNMAPPED: no endpoint locatable by the Finding-guide method (excluded from map/pairs)
GPC_105,NORTH SPA 230KV STRATEGIC PROJECT,Georgia Power,line,NORTH SPA,,230,2030-06-01,,,,GPC,2025 IRP Volume 3 PUBLIC DISCLOSURE.pdf,188,raw_date=6/1/2030; cost REDACTED in source; UNMAPPED: no endpoint locatable by the Finding-guide method (excluded from map/pairs)
GPC_108,THOMASTON 230 NEW BUILD SUB,Georgia Power,substation,THOMASTON 230 NEW BUILD SUB,,,2030-11-01,,,,GPC,2025 IRP Volume 3 PUBLIC DISCLOSURE.pdf,188,raw_date=11/1/2030; cost REDACTED in source; UNMAPPED: no endpoint locatable by the Finding-guide method (excluded from map/pairs)
GPC_109,"BAINBRIDGE TRANSMISSION: EAST RIVER ROAD, EAST BAINBRIDGE",Georgia Power,line,BAINBRIDGE TRANSMISSION,,,2030-12-31,,,,GPC,2025 IRP Volume 3 PUBLIC DISCLOSURE.pdf,188,raw_date=12/31/2030; cost REDACTED in source; UNMAPPED: no endpoint locatable by the Finding-guide method (excluded from map/pairs)
GPC_115,ARKWRIGHT BUS AND JUMPER REPLACEMENT,Georgia Power,line,ARKWRIGHT BUS,,,2033-06-01,,,,GPC,2025 IRP Volume 3 PUBLIC DISCLOSURE.pdf,189,raw_date=6/1/2033; cost REDACTED in source; UNMAPPED: no endpoint locatable by the Finding-guide method (excluded from map/pairs)
GPC_120,THOMSON PRIMARY 230/115KV SECOND TRANSFORMER,Georgia Power,substation,THOMSON PRIMARY,,115,2033-06-01,,,,GPC,2025 IRP Volume 3 PUBLIC DISCLOSURE.pdf,189,raw_date=6/1/2033; cost REDACTED in source; UNMAPPED: no endpoint locatable by the Finding-guide method (excluded from map/pairs)
